{"coverage": 91.42857142857143, "raw_data": {"meta": {"format": 2, "version": "7.5.1", "timestamp": "2024-05-23T11:04:41.792036", "branch_coverage": true, "show_contexts": false}, "files": {"src/pydata_sphinx_theme/__init__.py": {"executed_lines": [1, 3, 4, 5, 6, 7, 9, 10, 11, 12, 13, 15, 17, 20, 26, 27, 30, 31, 32, 33, 34, 40, 47, 48, 51, 52, 53, 54, 57, 58, 63, 64, 65, 66, 69, 70, 72, 73, 77, 78, 85, 86, 87, 88, 89, 95, 96, 98, 99, 102, 103, 108, 111, 112, 113, 114, 122, 123, 126, 127, 131, 139, 140, 141, 152, 155, 156, 158, 159, 161, 164, 169, 184, 185, 186, 197, 198, 199, 200, 203, 204, 205, 206, 208, 222, 223, 224, 225, 226, 229, 235, 238, 241, 253, 259, 265, 267, 268, 270, 272, 274, 275, 276, 277, 278, 279, 280, 281, 282, 283, 286, 289, 291], "summary": {"covered_lines": 112, "num_statements": 127, "percent_covered": 85.31073446327683, "percent_covered_display": "85", "missing_lines": 15, "excluded_lines": 0, "num_branches": 50, "num_partial_branches": 9, "covered_branches": 39, "missing_branches": 11}, "missing_lines": [41, 67, 68, 74, 75, 128, 143, 160, 209, 210, 215, 216, 218, 261, 262], "excluded_lines": [], "executed_branches": [[31, 32], [31, 40], [32, 31], [32, 33], [40, 47], [47, 48], [53, 54], [53, 95], [64, 65], [64, 72], [77, 78], [77, 85], [88, 89], [88, 95], [96, 98], [96, 126], [102, 103], [102, 111], [112, 113], [112, 126], [127, 131], [140, 141], [140, 152], [141, 140], [156, 158], [156, 159], [159, 161], [184, 185], [184, 197], [185, 184], [185, 186], [197, 198], [199, 200], [204, 199], [204, 205], [208, 222], [223, 224], [223, 238], [253, 253], [253, 259]], "missing_branches": [[40, 41], [47, 51], [127, 128], [141, 143], [159, 160], [197, 208], [199, 208], [208, 209], [215, 216], [215, 218], [253, 261]]}, "src/pydata_sphinx_theme/edit_this_page.py": {"executed_lines": [1, 3, 4, 5, 8, 13, 15, 18, 19, 20, 22, 28, 31, 33, 34, 35, 40, 41, 43, 64, 65, 66, 68, 69, 70, 72, 78, 81], "summary": {"covered_lines": 27, "num_statements": 27, "percent_covered": 100.0, "percent_covered_display": "100", "missing_lines": 0, "excluded_lines": 0, "num_branches": 11, "num_partial_branches": 0, "covered_branches": 11, "missing_branches": 0}, "missing_lines": [], "excluded_lines": [], "executed_branches": [[19, 20], [19, 22], [33, 34], [33, 43], [34, 35], [34, 40], [68, 69], [68, 72], [69, -69], [69, 68], [69, 69], [69, 70]], "missing_branches": []}, "src/pydata_sphinx_theme/logo.py": {"executed_lines": [1, 7, 8, 10, 11, 12, 13, 14, 16, 19, 32, 33, 34, 37, 38, 39, 43, 44, 45, 46, 47, 51, 52, 55, 58, 63, 64, 65, 66, 67, 68, 69, 70, 74, 75, 77, 78, 82], "summary": {"covered_lines": 37, "num_statements": 38, "percent_covered": 96.42857142857143, "percent_covered_display": "96", "missing_lines": 1, "excluded_lines": 0, "num_branches": 18, "num_partial_branches": 1, "covered_branches": 17, "missing_branches": 1}, "missing_lines": [73], "excluded_lines": [], "executed_branches": [[38, 39], [38, 55], [43, 44], [43, 51], [44, 45], [44, 47], [51, 38], [51, 52], [66, -58], [66, 67], [68, 66], [68, 69], [68, 70], [70, 74], [74, 75], [74, 77], [77, 78], [77, 82]], "missing_branches": [[70, 73]]}, "src/pydata_sphinx_theme/pygments.py": {"executed_lines": [1, 7, 8, 10, 11, 12, 14, 17, 19, 20, 21, 22, 25, 30, 31, 33, 35, 36, 38, 39, 41, 44, 63, 64, 66, 67, 68, 69, 70, 72, 74, 78, 79, 81, 82, 85, 87, 88, 92, 95, 96, 98, 101, 102, 103], "summary": {"covered_lines": 44, "num_statements": 45, "percent_covered": 95.23809523809524, "percent_covered_display": "95", "missing_lines": 1, "excluded_lines": 0, "num_branches": 18, "num_partial_branches": 2, "covered_branches": 16, "missing_branches": 2}, "missing_lines": [75], "excluded_lines": [], "executed_branches": [[19, 20], [19, 21], [63, 64], [63, 66], [72, 74], [72, 101], [74, 78], [81, 82], [81, 85], [85, 87], [85, 95], [87, 88], [95, 96], [95, 98], [102, -44], [102, 103]], "missing_branches": [[74, 75], [87, 92]]}, "src/pydata_sphinx_theme/short_link.py": {"executed_lines": [1, 3, 4, 6, 7, 8, 10, 13, 14, 31, 32, 33, 37, 39, 41, 43, 44, 45, 48, 49, 51, 52, 53, 54, 56, 65, 67, 69, 73, 78, 80, 82, 85, 88, 89, 90, 91, 92, 93, 94, 96, 98, 101, 102, 103, 104, 105, 106, 107, 111, 112, 114], "summary": {"covered_lines": 50, "num_statements": 50, "percent_covered": 93.58974358974359, "percent_covered_display": "94", "missing_lines": 0, "excluded_lines": 0, "num_branches": 28, "num_partial_branches": 5, "covered_branches": 23, "missing_branches": 5}, "missing_lines": [], "excluded_lines": [], "executed_branches": [[43, -39], [43, 44], [48, 49], [52, 43], [52, 53], [67, 69], [67, 73], [78, 80], [78, 96], [82, 85], [82, 88], [88, 89], [90, 91], [90, 92], [92, 93], [92, 114], [93, 94], [96, 98], [98, 98], [98, 101], [98, 111], [104, 105], [104, 106], [106, 107]], "missing_branches": [[48, 43], [88, 90], [93, 114], [96, 114], [106, 114]]}, "src/pydata_sphinx_theme/toctree.py": {"executed_lines": [1, 3, 4, 5, 6, 7, 8, 10, 11, 12, 13, 14, 15, 16, 17, 19, 22, 31, 36, 38, 39, 40, 42, 44, 45, 46, 47, 52, 53, 56, 57, 58, 60, 61, 62, 63, 66, 71, 81, 84, 85, 86, 89, 99, 100, 101, 102, 103, 105, 107, 113, 115, 116, 123, 127, 128, 133, 135, 136, 138, 140, 146, 148, 152, 155, 157, 162, 163, 164, 165, 166, 168, 175, 176, 178, 188, 189, 198, 200, 201, 213, 214, 219, 221, 222, 229, 230, 242, 243, 246, 256, 258, 279, 283, 284, 285, 286, 297, 301, 302, 328, 332, 335, 342, 345, 347, 350, 351, 354, 356, 357, 358, 361, 363, 364, 369, 370, 371, 372, 375, 378, 379, 380, 381, 382, 383, 384, 385, 388, 391, 392, 393, 395, 397, 398, 400, 401, 403, 406, 407, 408, 409, 410, 411, 412, 413, 415, 418, 419, 421, 422, 423, 424, 425, 428, 429, 430, 432, 433, 435, 438, 441, 442, 446, 448, 449, 454, 459, 461, 462, 463, 464, 465, 466, 469, 473, 475, 478, 479, 480, 481, 484, 485, 488, 490, 536, 537, 538, 541, 542, 543, 546, 547, 554, 555, 558, 559, 561, 564, 568, 569, 572, 592, 593, 595, 597, 598, 601, 606, 613, 614, 615, 616, 618, 619, 621], "summary": {"covered_lines": 214, "num_statements": 226, "percent_covered": 92.19653179190752, "percent_covered_display": "92", "missing_lines": 12, "excluded_lines": 0, "num_branches": 120, "num_partial_branches": 15, "covered_branches": 105, "missing_branches": 15}, "missing_lines": [94, 97, 215, 216, 329, 336, 359, 444, 455, 491, 594, 620], "excluded_lines": [], "executed_branches": [[39, 40], [39, 44], [56, 57], [56, 58], [84, 85], [84, 86], [86, 89], [100, 99], [100, 107], [101, 102], [102, 103], [102, 105], [116, 115], [116, 200], [127, 128], [127, 135], [136, 138], [136, 140], [152, 155], [152, 188], [155, 152], [155, 157], [162, 163], [162, 175], [164, 165], [164, 175], [165, 166], [165, 168], [188, 189], [188, 198], [201, 200], [201, 201], [201, 258], [229, 230], [229, 242], [283, 284], [283, 297], [302, 301], [302, 302], [302, 397], [328, 332], [335, 342], [350, 351], [350, 354], [354, 356], [354, 361], [356, 357], [358, 354], [361, 363], [363, 364], [363, 369], [369, 370], [369, 388], [371, 372], [371, 388], [375, 378], [375, 385], [378, 379], [379, 378], [379, 380], [391, 392], [391, 395], [392, 391], [392, 393], [398, 397], [398, 446], [400, 401], [400, 403], [407, 408], [407, 409], [409, 410], [409, 411], [411, -406], [411, 412], [418, 419], [418, 421], [421, 422], [421, 428], [423, 424], [429, 430], [429, 438], [432, 433], [432, 435], [441, 442], [454, 459], [473, -469], [473, 475], [478, 479], [478, 484], [480, 481], [480, 484], [484, 485], [484, 488], [490, 536], [542, 543], [542, 546], [559, 561], [559, 564], [568, 473], [568, 569], [593, 595], [601, 606], [601, 615], [613, 614], [615, 616], [615, 618], [619, 621]], "missing_branches": [[86, 94], [101, -99], [328, 329], [335, 336], [356, 354], [358, 359], [361, 395], [378, 382], [423, 421], [441, 444], [454, 455], [490, 491], [593, 594], [613, 601], [619, 620]]}, "src/pydata_sphinx_theme/translator.py": {"executed_lines": [1, 3, 5, 6, 7, 8, 9, 10, 12, 15, 16, 22, 23, 24, 26, 32, 33, 35, 38, 40, 46, 47, 48, 52, 53, 54, 56, 90, 96, 104, 105, 113],