{"coverage": 91.58415841584159, "raw_data": {"meta": {"format": 2, "version": "7.5.1", "timestamp": "2024-05-07T22:38:04.790641", "branch_coverage": true, "show_contexts": false}, "files": {"src/pydata_sphinx_theme/__init__.py": {"executed_lines": [1, 3, 4, 5, 6, 7, 9, 10, 11, 12, 13, 15, 17, 20, 26, 27, 30, 37, 38, 41, 42, 43, 44, 47, 48, 53, 54, 55, 56, 59, 60, 62, 63, 67, 68, 75, 76, 77, 78, 79, 85, 86, 88, 89, 92, 93, 98, 101, 102, 103, 104, 112, 113, 116, 117, 121, 129, 130, 131, 142, 145, 146, 148, 149, 151, 154, 159, 174, 175, 176, 187, 188, 189, 190, 193, 194, 195, 196, 198, 212, 213, 214, 215, 216, 219, 225, 228, 231, 243, 249, 255, 257, 258, 260, 262, 264, 265, 266, 267, 268, 269, 270, 271, 272, 273, 276, 279, 281], "summary": {"covered_lines": 107, "num_statements": 122, "percent_covered": 84.52380952380952, "percent_covered_display": "85", "missing_lines": 15, "excluded_lines": 0, "num_branches": 46, "num_partial_branches": 9, "covered_branches": 35, "missing_branches": 11}, "missing_lines": [31, 57, 58, 64, 65, 118, 133, 150, 199, 200, 205, 206, 208, 251, 252], "excluded_lines": [], "executed_branches": [[30, 37], [37, 38], [43, 44], [43, 85], [54, 55], [54, 62], [67, 68], [67, 75], [78, 79], [78, 85], [86, 88], [86, 116], [92, 93], [92, 101], [102, 103], [102, 116], [117, 121], [130, 131], [130, 142], [131, 130], [146, 148], [146, 149], [149, 151], [174, 175], [174, 187], [175, 174], [175, 176], [187, 188], [189, 190], [194, 189], [194, 195], [198, 212], [213, 214], [213, 228], [243, 243], [243, 249]], "missing_branches": [[30, 31], [37, 41], [117, 118], [131, 133], [149, 150], [187, 198], [189, 198], [198, 199], [205, 206], [205, 208], [243, 251]]}, "src/pydata_sphinx_theme/edit_this_page.py": {"executed_lines": [1, 3, 4, 5, 8, 13, 15, 18, 19, 20, 22, 28, 31, 33, 34, 35, 40, 41, 43, 64, 65, 66, 68, 69, 70, 72, 78, 81], "summary": {"covered_lines": 27, "num_statements": 27, "percent_covered": 100.0, "percent_covered_display": "100", "missing_lines": 0, "excluded_lines": 0, "num_branches": 11, "num_partial_branches": 0, "covered_branches": 11, "missing_branches": 0}, "missing_lines": [], "excluded_lines": [], "executed_branches": [[19, 20], [19, 22], [33, 34], [33, 43], [34, 35], [34, 40], [68, 69], [68, 72], [69, -69], [69, 68], [69, 69], [69, 70]], "missing_branches": []}, "src/pydata_sphinx_theme/logo.py": {"executed_lines": [1, 7, 8, 10, 11, 12, 13, 14, 16, 19, 32, 33, 34, 37, 38, 39, 43, 44, 45, 46, 47, 51, 52, 55, 58, 63, 64, 65, 66, 67, 68, 69, 70, 74, 75, 77, 78, 82], "summary": {"covered_lines": 37, "num_statements": 38, "percent_covered": 96.42857142857143, "percent_covered_display": "96", "missing_lines": 1, "excluded_lines": 0, "num_branches": 18, "num_partial_branches": 1, "covered_branches": 17, "missing_branches": 1}, "missing_lines": [73], "excluded_lines": [], "executed_branches": [[38, 39], [38, 55], [43, 44], [43, 51], [44, 45], [44, 47], [51, 38], [51, 52], [66, -58], [66, 67], [68, 66], [68, 69], [68, 70], [70, 74], [74, 75], [74, 77], [77, 78], [77, 82]], "missing_branches": [[70, 73]]}, "src/pydata_sphinx_theme/pygment.py": {"executed_lines": [1, 7, 8, 10, 11, 12, 14, 17, 19, 20, 21, 22, 25, 30, 31, 33, 35, 36, 38, 39, 41, 44, 63, 64, 66, 67, 68, 69, 70, 72, 74, 78, 79, 81, 82, 85, 87, 88, 92, 95, 96, 98, 101, 102, 103], "summary": {"covered_lines": 44, "num_statements": 45, "percent_covered": 95.23809523809524, "percent_covered_display": "95", "missing_lines": 1, "excluded_lines": 0, "num_branches": 18, "num_partial_branches": 2, "covered_branches": 16, "missing_branches": 2}, "missing_lines": [75], "excluded_lines": [], "executed_branches": [[19, 20], [19, 21], [63, 64], [63, 66], [72, 74], [72, 101], [74, 78], [81, 82], [81, 85], [85, 87], [85, 95], [87, 88], [95, 96], [95, 98], [102, -44], [102, 103]], "missing_branches": [[74, 75], [87, 92]]}, "src/pydata_sphinx_theme/short_link.py": {"executed_lines": [1, 3, 4, 6, 7, 8, 10, 13, 14, 31, 32, 33, 37, 39, 41, 43, 44, 45, 48, 49, 51, 52, 53, 54, 56, 65, 67, 69, 73, 78, 80, 82, 85, 88, 89, 90, 91, 92, 93, 94, 96, 98, 101, 102, 103, 104, 105, 106, 107, 111, 112, 114], "summary": {"covered_lines": 50, "num_statements": 50, "percent_covered": 93.58974358974359, "percent_covered_display": "94", "missing_lines": 0, "excluded_lines": 0, "num_branches": 28, "num_partial_branches": 5, "covered_branches": 23, "missing_branches": 5}, "missing_lines": [], "excluded_lines": [], "executed_branches": [[43, -39], [43, 44], [48, 49], [52, 43], [52, 53], [67, 69], [67, 73], [78, 80], [78, 96], [82, 85], [82, 88], [88, 89], [90, 91], [90, 92], [92, 93], [92, 114], [93, 94], [96, 98], [98, 98], [98, 101], [98, 111], [104, 105], [104, 106], [106, 107]], "missing_branches": [[48, 43], [88, 90], [93, 114], [96, 114], [106, 114]]}, "src/pydata_sphinx_theme/toctree.py": {"executed_lines": [1, 3, 4, 5, 6, 8, 9, 10, 11, 12, 13, 14, 15, 17, 20, 29, 34, 36, 37, 38, 40, 42, 43, 44, 45, 50, 51, 54, 59, 69, 72, 73, 74, 77, 87, 88, 89, 90, 91, 93, 95, 101, 103, 104, 106, 107, 112, 116, 117, 122, 126, 127, 129, 135, 137, 140, 143, 145, 148, 151, 152, 153, 154, 155, 157, 164, 165, 166, 169, 180, 181, 192, 193, 196, 206, 208, 229, 233, 234, 235, 236, 247, 251, 252, 278, 282, 285, 292, 295, 297, 300, 301, 304, 306, 307, 308, 311, 313, 314, 319, 320, 321, 322, 325, 328, 329, 330, 331, 332, 333, 334, 335, 338, 341, 342, 343, 345, 347, 348, 350, 351, 353, 356, 357, 358, 359, 360, 361, 362, 363, 365, 368, 369, 371, 372, 373, 374, 375, 378, 379, 380, 382, 383, 385, 388, 391, 392, 396, 398, 399, 404, 409, 411, 412, 413, 414, 415, 416, 419, 423, 425, 428, 429, 430, 431, 434, 435, 438, 440, 486, 487, 488, 491, 492, 493, 496, 497, 504, 505, 508, 509, 511, 514, 518, 519, 522, 542, 543, 545, 547, 548, 551, 556, 563, 564, 565, 566, 568, 569, 571], "summary": {"covered_lines": 199, "num_statements": 211, "percent_covered": 91.6923076923077, "percent_covered_display": "92", "missing_lines": 12, "excluded_lines": 0, "num_branches": 114, "num_partial_branches": 15, "covered_branches": 99, "missing_branches": 15}, "missing_lines": [82, 85, 108, 109, 279, 286, 309, 394, 405, 441, 544, 570], "excluded_lines": [], "executed_branches": [[37, 38], [37, 42], [72, 73], [72, 74], [74, 77], [88, 87], [88, 95], [89, 90], [90, 91], [90, 93], [104, 103], [104, 208], [116, 117], [116, 126], [127, 129], [127, 135], [140, 143], [140, 180], [143, 140], [143, 145], [151, 152], [151, 164], [153, 154], [153, 164], [154, 155], [154, 157], [180, 181], [180, 192], [233, 234], [233, 247], [252, 251], [252, 252], [252, 347], [278, 282], [285, 292], [300, 301], [300, 304], [304, 306], [304, 311], [306, 307], [308, 304], [311, 313], [313, 314], [313, 319], [319, 320], [319, 338], [321, 322], [321, 338], [325, 328], [325, 335], [328, 329], [329, 328], [329, 330], [341, 342], [341, 345], [342, 341], [342, 343], [348, 347], [348, 396], [350, 351], [350, 353], [357, 358], [357, 359], [359, 360], [359, 361], [361, -356], [361, 362], [368, 369], [368, 371], [371, 372], [371, 378], [373, 374], [379, 380], [379, 388], [382, 383], [382, 385], [391, 392], [404, 409], [423, -419], [423, 425], [428, 429], [428, 434], [430, 431], [430, 434], [434, 435], [434, 438], [440, 486], [492, 493], [492, 496], [509, 511], [509, 514], [518, 423], [518, 519], [543, 545], [551, 556], [551, 565], [563, 564], [565, 566], [565, 568], [569, 571]], "missing_branches": [[74, 82], [89, -87], [278, 279], [285, 286], [306, 304], [308, 309], [311, 345], [328, 332], [373, 371], [391, 394], [404, 405], [440, 441], [543, 544], [563, 551], [569, 570]]}, "src/pydata_sphinx_theme/translator.py": {"executed_lines": [1, 3, 5, 6, 7, 8, 9, 10, 12, 15, 16, 22, 23, 24, 26, 32, 33, 35, 38, 40, 46, 47, 48, 52, 53, 54, 56, 88, 96, 97, 105], "summary": {"covered_lines": 29, "num_statements": 48, "percent_covered": 50.0, "percent_covered_display": "50", "missing_lines": 19, "excluded_lines": 0, "num_branches": 18, "num_partial_branches": 2, "covered_branches": 4, "missing_branches": 14},